coef,default,brightest,hdr
sf,1.05,1.05,1.05
a,0.00098572,0.000983874,0.002126153
b,0.376587744,0.27806709,0.383790291
c,0.009263695,0.006871529,0.014464187
d,18.11759766,17.11053619,17.6702975
e,1,1,1
f,0,0,0
power_cap,100,135,135
