,slope,intercept
default,0.9844343204252088,0.49533584951067255
brightest,0.9844343204252088,0.49533584951067255
hdr_default,0.9844343204252088,0.49533584951067255
