,slope,intercept
default,0.928349825285401,1.2830425066257674
brightest,1.008310220946084,-0.5436095038107407
hdr_default,1.0015195007358482,-0.38711129755067664
